,Cities,Country,Latitude,Longitude,Temperature (F),Humidity (%),Cloudiness (%),Wind Speed (mph)
2,kihei,us,20.785,-156.4656,76.51,75.0,100.0,11.83
3,sitka,us,57.0531,-135.33,36.84,68.0,100.0,23.02
4,kutum,sd,14.2,24.6667,43.21,21.0,28.0,3.56
5,natal,br,-5.795,-35.2094,80.98,78.0,40.0,13.51
6,bandarbeyla,so,9.4942,50.8122,74.17,67.0,100.0,16.44
7,paamiut,gl,61.994,-49.6678,7.21,50.0,0.0,8.08
8,skjervoy,no,70.0311,20.9714,20.14,76.0,89.0,23.29
9,cockburn town,bs,24.0333,-74.5167,75.78,73.0,32.0,6.82
10,busselton,au,-33.65,115.3333,60.58,70.0,66.0,15.28
11,boden,se,65.8252,21.6886,20.44,96.0,100.0,5.08
12,ushuaia,ar,-54.8,-68.3,44.13,97.0,98.0,7.07
14,pinawa,ca,50.1489,-95.8811,14.43,96.0,99.0,3.96
15,torquay,gb,50.4638,-3.5143,48.22,93.0,100.0,10.89
17,dikson,ru,73.5069,80.5464,-17.27,98.0,78.0,7.02
18,cape town,za,-33.9258,18.4232,63.84,73.0,0.0,10.29
19,caravelas,br,-17.7125,-39.2481,79.47,85.0,12.0,11.83
20,namibe,ao,-15.1961,12.1522,75.61,79.0,100.0,5.41
22,jamestown,sh,-15.9387,-5.7168,74.1,77.0,0.0,10.29
23,waipawa,nz,-41.4122,175.5153,75.56,56.0,99.0,8.68
28,karratha,au,-20.7377,116.8463,90.91,48.0,0.0,15.7
29,saint-philippe,re,-21.3585,55.7679,71.06,71.0,17.0,8.59
30,avarua,ck,-21.2078,-159.775,85.14,83.0,6.0,16.24
31,hobart,au,-42.8794,147.3294,86.14,50.0,0.0,8.86
32,bengkulu,id,-3.8004,102.2655,84.54,47.0,100.0,5.46
33,safaga,eg,26.7292,33.9365,54.0,69.0,0.0,4.23
34,wanning,cn,18.8003,110.3967,65.8,62.0,2.0,10.47
35,chegdomyn,ru,51.1167,133.0167,1.11,88.0,67.0,2.01
36,lukovetskiy,ru,64.2956,41.9211,-9.96,97.0,40.0,5.91
37,luau,ao,-10.7073,22.2247,64.49,98.0,100.0,4.43
41,los llanos de aridane,es,28.6585,-17.9182,66.69,66.0,95.0,3.56
42,lagoa,pt,39.05,-27.9833,62.76,87.0,100.0,16.75
43,rikitea,pf,-23.1203,-134.9692,79.39,72.0,100.0,6.96
44,belaya gora,ru,68.5333,146.4167,-12.55,82.0,97.0,5.7
46,ostrovnoy,ru,68.0531,39.5131,0.66,95.0,0.0,7.36
47,bluff,nz,-46.6,168.3333,66.42,54.0,100.0,8.99
48,torbay,ca,47.6666,-52.7314,29.08,96.0,100.0,16.11
49,esperance,au,-33.8667,121.9,67.82,85.0,100.0,11.72
50,longhua,cn,23.6137,114.1919,55.71,34.0,0.0,7.16
52,ayagoz,kz,47.9714,80.4392,-2.45,88.0,87.0,10.04
54,suntar,ru,62.1444,117.6319,11.26,89.0,100.0,8.93
55,evensk,ru,61.95,159.2333,-8.39,75.0,83.0,10.89
56,awjilah,ly,29.1081,21.2869,54.57,49.0,0.0,7.29
58,portland,au,-38.3333,141.6,77.79,44.0,0.0,7.83
59,cuamba,mz,-14.8031,36.5372,68.9,98.0,100.0,1.92
60,guerrero negro,mx,27.9769,-114.0611,59.31,76.0,15.0,15.32
62,ulladulla,au,-35.35,150.4667,80.83,76.0,0.0,26.51
63,arraial do cabo,br,-22.9661,-42.0278,79.16,87.0,71.0,15.99
66,chumikan,ru,54.7183,135.315,8.56,68.0,0.0,1.81
70,aleksandrovka,ru,47.22,39.82,44.67,87.0,100.0,14.54
71,moron,mn,47.3825,110.3165,4.78,89.0,0.0,3.02
72,chokurdakh,ru,70.6333,147.9167,-14.89,97.0,100.0,8.72
73,san patricio,mx,19.2167,-104.7,79.88,70.0,20.0,4.38
75,khatanga,ru,71.9667,102.5,-15.86,98.0,92.0,2.62
76,hambantota,lk,6.1241,81.1185,71.98,77.0,2.0,16.42
79,sayyan,ye,15.1718,44.3244,45.19,44.0,0.0,0.22
83,vao,nc,-22.6667,167.4833,77.07,73.0,0.0,14.52
85,punta arenas,cl,-53.15,-70.9167,52.03,84.0,71.0,29.37
86,komsomolskiy,ru,43.9783,46.6985,37.62,93.0,25.0,3.76
88,mahebourg,mu,-20.4081,57.7,75.4,75.0,0.0,2.53
89,hervey bay,au,-25.2986,152.8535,88.32,56.0,21.0,9.84
91,albany,au,-35.0169,117.8917,59.56,74.0,100.0,17.11
92,tilichiki,ru,60.4667,166.1,14.9,78.0,100.0,4.45
93,malangali,tz,-8.5667,34.85,57.49,96.0,100.0,3.11
94,bubaque,gw,11.2833,-15.8333,77.16,73.0,100.0,10.07
95,ponta do sol,cv,17.1994,-25.0919,69.57,69.0,0.0,12.17
96,butaritari,ki,3.0707,172.7902,84.92,73.0,60.0,8.16
97,barra patuca,hn,15.8,-84.2833,78.8,81.0,0.0,18.81
98,mount gambier,au,-37.8333,140.7667,104.79,10.0,0.0,7.31
99,kununurra,au,-15.7667,128.7333,97.14,38.0,90.0,4.52
100,kapaa,us,22.0752,-159.319,76.19,61.0,70.0,4.18
102,yellowknife,ca,62.456,-114.3525,20.41,96.0,100.0,9.75
103,saint-pierre,pm,46.7654,-56.1695,27.73,89.0,100.0,14.03
106,biak,id,-0.9131,122.8766,84.45,69.0,60.0,3.11
107,nizhniy odes,ru,63.6445,54.856,-8.7,97.0,99.0,6.91
108,ilulissat,gl,69.2167,-51.1,0.9,89.0,18.0,1.61
111,faanui,pf,-16.4833,-151.75,82.47,72.0,99.0,7.4
113,hay river,ca,60.8156,-115.7999,20.55,92.0,98.0,16.93
114,geraldton,au,-28.7667,114.6,70.81,68.0,2.0,17.74
116,thompson,ca,55.7435,-97.8558,12.27,97.0,77.0,4.7
119,makinsk,kz,52.6292,70.4169,-9.47,94.0,78.0,6.4
121,eyl,so,7.9803,49.8164,72.43,75.0,99.0,19.1
123,ixtapa,mx,20.7,-105.2,67.89,98.0,100.0,1.19
124,kamaishi,jp,39.2667,141.8833,42.69,75.0,56.0,5.32
125,kaitangata,nz,-46.2817,169.8464,64.78,57.0,100.0,26.11
126,tuktoyaktuk,ca,69.4541,-133.0374,-22.85,95.0,100.0,12.37
127,alofi,nu,-19.0595,-169.9187,85.59,79.0,73.0,11.99
128,bac lieu,vn,9.285,105.7244,81.82,65.0,90.0,14.76
134,addanki,in,15.8167,79.9833,75.65,77.0,0.0,1.97
135,tshikapa,cd,-6.4167,20.8,68.23,92.0,100.0,1.68
137,saint george,bm,32.3817,-64.6781,60.58,67.0,20.0,19.98
138,vardo,no,70.3705,31.1107,18.21,66.0,100.0,21.7
139,east london,za,-33.0153,27.9116,70.32,79.0,100.0,8.08
140,georgetown,sh,-7.9333,-14.4167,78.78,76.0,86.0,10.65
143,husavik,is,66.0449,-17.3389,27.52,97.0,100.0,11.21
147,bilma,ne,18.6853,12.9164,62.83,13.0,26.0,8.88
148,kupang,id,-10.1667,123.5833,85.87,78.0,71.0,9.98
149,puerto ayora,ec,-0.7393,-90.3518,77.97,85.0,52.0,10.69
151,coquimbo,cl,-29.9533,-71.3436,64.69,85.0,0.0,2.24
153,saskylakh,ru,71.9167,114.0833,-15.14,98.0,92.0,2.82
155,sehithwa,bw,-20.4667,22.7167,73.72,56.0,0.0,3.49
157,port alfred,za,-33.5906,26.891,67.5,71.0,100.0,5.88
158,hermanus,za,-34.4187,19.2345,64.0,76.0,0.0,28.61
159,walvis bay,na,-22.9575,14.5053,60.3,96.0,33.0,0.94
160,castro,cl,-42.4721,-73.7732,46.54,96.0,60.0,0.81
162,marienburg,sr,5.8469,-55.0216,78.3,82.0,44.0,14.74
163,semey,kz,50.4111,80.2275,-19.28,91.0,0.0,6.17
164,talaya,ru,61.3833,152.75,-25.56,96.0,0.0,0.63
165,matagami,ca,49.7502,-77.6328,-7.17,91.0,0.0,3.44
166,saint-gaudens,fr,43.0833,0.6667,49.14,82.0,100.0,4.56
167,batagay-alyta,ru,67.8006,130.4114,-6.61,80.0,100.0,5.12
170,luderitz,na,-26.6481,15.1594,60.89,91.0,0.0,20.78
171,vaini,to,-21.2,-175.2,85.53,79.0,71.0,7.56
175,kjollefjord,no,70.9457,27.3465,13.05,80.0,100.0,14.54
176,coihaique,cl,-45.5752,-72.0662,50.5,85.0,100.0,8.52
177,kavieng,pg,-2.5744,150.7967,83.95,79.0,44.0,14.52
178,barrow,us,71.2906,-156.7887,-23.51,96.0,21.0,8.5
180,la romana,do,18.4273,-68.9728,70.66,85.0,0.0,4.07
182,langley park,us,38.9887,-76.9814,31.28,52.0,0.0,5.32
183,atuona,pf,-9.8,-139.0333,80.92,77.0,0.0,14.61
186,teeli,ru,51.0333,90.2333,-4.85,62.0,0.0,5.61
187,new norfolk,au,-42.7826,147.0587,93.76,27.0,0.0,11.48
188,bredasdorp,za,-34.5322,20.0403,63.01,71.0,100.0,13.78
191,pokosnoye,ru,55.5258,101.0536,6.33,83.0,100.0,13.09
192,tuyen quang,vn,21.8233,105.2181,57.4,70.0,93.0,1.12
194,port hardy,ca,50.6996,-127.4199,35.22,93.0,81.0,5.23
195,anadyr,ru,64.75,177.4833,-5.01,96.0,88.0,1.83
196,la libertad,sv,13.4883,-89.3222,75.0,79.0,0.0,7.38
198,kribi,cm,2.95,9.9167,79.9,85.0,100.0,5.59
199,tasiilaq,gl,65.6145,-37.6368,23.52,84.0,91.0,19.91
201,lake charles,us,30.2131,-93.2044,51.08,85.0,100.0,8.08
202,bilibino,ru,68.0546,166.4372,-30.44,100.0,98.0,1.9
203,norman wells,ca,65.282,-126.8329,-25.11,97.0,100.0,6.06
206,matara,lk,5.9485,80.5353,77.34,75.0,52.0,3.2
210,amudat,ug,1.95,34.95,62.62,93.0,100.0,4.85
211,hofn,is,64.2539,-15.2082,37.29,62.0,0.0,5.73
215,laguna,br,-28.4825,-48.7808,69.94,99.0,93.0,2.82
216,tuatapere,nz,-46.1333,167.6833,67.71,47.0,34.0,10.8
217,jiwani,pk,25.05,61.7417,66.88,50.0,0.0,6.71
220,rawson,ar,-43.3002,-65.1023,59.13,65.0,24.0,24.29
221,nikolskoye,ru,59.7035,30.7861,28.96,91.0,100.0,7.4
223,chapais,ca,49.7834,-74.8492,-6.02,93.0,0.0,1.25
224,samarai,pg,-10.6167,150.6667,84.11,78.0,100.0,6.85
226,misratah,ly,32.3754,15.0925,61.43,69.0,0.0,10.18
228,canchungo,gw,12.0672,-16.0333,70.18,68.0,100.0,3.89
229,sinnamary,gf,5.3833,-52.95,79.72,82.0,0.0,17.6
230,aguai,br,-22.0594,-46.9786,71.02,94.0,100.0,3.74
231,hovd,mn,48.0056,91.6419,2.01,44.0,0.0,6.13
234,kiama,au,-34.6833,150.8667,78.39,85.0,0.0,25.43
235,sao filipe,cv,14.8961,-24.4956,70.43,77.0,0.0,9.24
236,winslow,us,35.0242,-110.6974,35.87,57.0,0.0,9.01
238,malanje,ao,-9.5402,16.341,64.06,97.0,99.0,1.81
239,varhaug,no,58.6147,5.6457,34.74,83.0,99.0,4.47
240,olafsvik,is,64.8945,-23.7142,33.75,80.0,65.0,21.25
243,bathsheba,bb,13.2167,-59.5167,78.26,82.0,0.0,15.77
244,fortuna,us,40.5982,-124.1573,49.26,66.0,100.0,2.04
248,hasaki,jp,35.7333,140.8333,58.05,49.0,47.0,17.25
251,nadym,ru,65.5333,72.5167,-14.71,96.0,90.0,12.44
253,abramovka,ru,51.1886,41.0202,36.3,97.0,100.0,14.9
254,hanna,ca,51.6334,-111.9018,30.88,83.0,100.0,11.03
257,winneba,gh,5.3511,-0.6231,80.49,95.0,32.0,5.35
259,mosquera,co,4.7059,-74.2302,56.1,96.0,94.0,2.26
260,esfarayen,ir,37.0765,57.5101,28.71,53.0,100.0,3.0
262,upernavik,gl,72.7868,-56.1549,-14.1,92.0,78.0,4.7
271,kruisfontein,za,-34.0033,24.7314,60.3,86.0,76.0,4.16
273,qaanaaq,gl,77.484,-69.3632,-19.32,95.0,100.0,1.34
274,yerbogachen,ru,61.2767,108.0108,1.58,93.0,0.0,7.45
275,constitucion,cl,-35.3333,-72.4167,55.67,71.0,0.0,3.71
279,kedrovyy,ru,56.1667,91.8167,-0.63,94.0,100.0,12.33
280,hillsboro,us,45.5229,-122.9898,46.04,95.0,100.0,1.32
283,yantzaza,ec,-3.8278,-78.7594,55.71,96.0,83.0,4.14
284,partyzany,ua,46.3314,34.7503,36.16,79.0,3.0,10.02
285,severo-kurilsk,ru,50.6789,156.125,23.07,85.0,100.0,1.36
287,hilo,us,19.7297,-155.09,71.19,76.0,35.0,9.17
289,witu,ke,-2.3889,40.4382,78.49,88.0,85.0,6.46
291,skibotn,no,69.3913,20.2679,20.95,81.0,100.0,28.34
292,nome,us,64.5011,-165.4064,-10.39,89.0,0.0,4.68
293,virginia beach,us,36.8529,-75.978,38.19,64.0,100.0,7.02
295,saldanha,za,-33.0117,17.9442,60.13,82.0,0.0,13.51
297,fuling,cn,29.7022,107.3919,49.46,55.0,0.0,0.76
299,pingliang,cn,35.5392,106.6861,33.85,27.0,0.0,3.06
302,zaozerne,ua,45.1582,33.2787,45.57,69.0,99.0,6.78
303,yuzhnyy,ru,53.2542,83.6936,-12.24,97.0,21.0,3.98
304,port lincoln,au,-34.7333,135.8667,98.35,16.0,0.0,16.02
306,vestmannaeyjar,is,63.4427,-20.2734,32.22,68.0,0.0,12.08
307,manoel urbano,br,-8.8389,-69.2597,71.13,97.0,66.0,1.48
308,lompoc,us,34.6391,-120.4579,55.49,66.0,33.0,13.22
311,paharpur,pk,32.1038,70.9724,50.07,45.0,0.0,7.63
313,topchikha,ru,52.8192,83.1185,-11.43,97.0,0.0,4.63
314,klaksvik,fo,62.2266,-6.589,35.01,70.0,76.0,15.14
315,balkanabat,tm,39.5108,54.3671,41.7,40.0,100.0,6.29
316,srednebelaya,ru,50.6594,128.0106,1.08,88.0,0.0,2.04
317,hobyo,so,5.3505,48.5268,72.3,76.0,95.0,13.53
319,salinas,ec,-2.2167,-80.9667,78.3,79.0,95.0,4.43
323,ribeira brava,cv,16.6167,-24.3,69.76,80.0,0.0,11.68
327,kavaratti,in,10.5669,72.642,81.34,68.0,28.0,12.26
329,touros,br,-5.1989,-35.4608,80.56,80.0,1.0,18.01
331,san quintin,mx,30.4833,-115.95,64.13,32.0,0.0,21.54
332,bambous virieux,mu,-20.3428,57.7575,75.83,64.0,0.0,4.99
339,mazyr,by,52.0495,29.2456,31.35,91.0,100.0,15.03
340,praia da vitoria,pt,38.7333,-27.0667,64.04,89.0,100.0,19.8
342,kingaroy,au,-26.5333,151.8333,90.07,37.0,0.0,5.41
348,derzhavinsk,kz,51.1,66.3167,-2.06,82.0,76.0,6.69
349,kjopsvik,no,68.097,16.3742,27.64,82.0,100.0,13.42
355,nioaque,br,-21.1353,-55.83,79.12,78.0,67.0,7.65
357,high point,us,35.9557,-80.0053,37.8,71.0,100.0,5.91
368,ust-nera,ru,64.5667,143.2,-34.69,96.0,99.0,3.0
377,bumba,cd,2.1833,22.4667,71.38,53.0,100.0,1.36
378,sola,vu,-13.8833,167.55,87.22,78.0,100.0,15.68
379,itoman,jp,26.1247,127.6694,58.35,68.0,81.0,27.45
381,george town,ky,19.2869,-81.3671,77.68,67.0,0.0,7.92
382,piacabucu,br,-10.4056,-36.4344,78.24,83.0,55.0,6.42
383,san cristobal,ec,-0.9045,-89.6174,78.06,87.0,78.0,8.16
387,boundiali,ci,9.5217,-6.4869,67.73,15.0,42.0,3.04
388,tura,ru,64.2833,100.25,-1.8,97.0,97.0,5.93
390,kingston,us,41.927,-73.9974,24.04,70.0,0.0,5.75
393,hithadhoo,mv,-0.6,73.0833,81.25,78.0,67.0,14.72
396,pevek,ru,69.7008,170.3133,-18.47,97.0,100.0,6.91
397,clyde river,ca,70.4692,-68.5914,-18.49,90.0,100.0,4.14
403,nouadhibou,mr,20.931,-17.0347,73.06,42.0,100.0,14.92
405,rio grande,br,-32.035,-52.0986,74.17,81.0,73.0,5.73
408,mar del plata,ar,-38.0023,-57.5575,58.21,53.0,5.0,5.3
409,mana,gf,5.6592,-53.7767,73.49,95.0,19.0,2.77
410,kontagora,ng,10.3999,5.4695,68.77,11.0,0.0,7.78
411,narsaq,gl,60.9167,-46.05,8.37,89.0,20.0,2.57
412,cherskiy,ru,68.75,161.3,-24.88,96.0,98.0,7.52
414,bayog,ph,7.8667,123.0667,84.2,52.0,99.0,4.94
416,katsuura,jp,35.1333,140.3,54.5,57.0,0.0,40.31
417,mouila,ga,-1.8685,11.0559,72.97,97.0,100.0,0.98
419,west plains,us,36.7281,-91.8524,35.35,93.0,100.0,4.32
420,lagos,pt,37.102,-8.6742,53.22,80.0,0.0,6.6
425,mayo,ca,63.5927,-135.8998,9.01,97.0,100.0,3.11
426,port elizabeth,za,-33.918,25.5701,62.73,74.0,51.0,5.23
428,arlit,ne,18.7369,7.3853,67.19,10.0,0.0,6.73
430,kamenka,ru,51.3223,42.7678,35.06,99.0,100.0,12.39
432,barahona,do,18.2085,-71.1008,77.68,71.0,0.0,1.3
433,yar-sale,ru,66.8333,70.8333,-16.2,95.0,85.0,10.76
434,jaromerice nad rokytnou,cz,49.0941,15.8933,32.81,84.0,5.0,12.88
435,petropavlovskoye,ru,52.0712,84.107,-8.72,85.0,32.0,3.24
437,bukachacha,ru,52.9833,116.9167,3.0,89.0,87.0,2.84
442,texarkana,us,33.4251,-94.0477,41.34,94.0,42.0,7.49
443,flin flon,ca,54.7682,-101.865,18.03,97.0,100.0,7.61
445,mujiayingzi,cn,42.1167,118.7833,20.57,48.0,81.0,3.94
449,baiao,br,-2.7906,-49.6717,73.4,98.0,100.0,4.0
450,pangnirtung,ca,66.1451,-65.7125,-16.58,74.0,100.0,1.79
452,bonthe,sl,7.5264,-12.505,76.84,92.0,95.0,5.39
454,marawi,sd,18.4833,31.8167,57.04,21.0,51.0,11.7
457,springbok,za,-29.6643,17.8865,67.59,43.0,0.0,7.09
459,matamoros,mx,25.5333,-103.25,60.49,31.0,98.0,4.88
460,padang,id,-0.9492,100.3543,80.51,55.0,100.0,2.46
466,cayenne,gf,4.9333,-52.3333,79.3,89.0,18.0,6.51
468,mabaruma,gy,8.2,-59.7833,72.09,98.0,60.0,0.96
470,broken hill,au,-31.95,141.4333,106.09,15.0,6.0,13.2
473,lishui,cn,28.4604,119.9103,45.12,58.0,14.0,10.69
477,torrington,us,41.8007,-73.1212,25.39,69.0,0.0,4.59
481,wilmington,us,34.2257,-77.9447,47.37,67.0,100.0,6.17
489,saint-augustin,ca,51.226,-58.6502,11.01,82.0,100.0,15.9
492,ajdabiya,ly,30.7554,20.2263,61.09,59.0,77.0,8.57
494,tucuma,br,-0.1833,-50.05,77.4,89.0,100.0,7.47
497,fare,pf,-16.7,-151.0167,82.54,70.0,97.0,5.21
498,carnarvon,au,-24.8667,113.6333,77.4,78.0,67.0,22.39
501,taseyevo,ru,57.2169,94.8978,0.07,83.0,100.0,10.98
503,mbekenyera,tz,-10.0,38.9833,70.11,98.0,98.0,2.71
506,kompaniyivka,ua,48.2511,32.208,32.5,79.0,12.0,16.6
509,half moon bay,us,37.4636,-122.4286,55.94,79.0,100.0,9.89
512,bethel,us,41.3712,-73.414,27.43,72.0,0.0,7.63
514,monte patria,cl,-30.6919,-70.9467,58.28,78.0,0.0,1.23
516,adrar,dz,25.75,-1.0,52.14,22.0,0.0,11.12
519,balabac,ph,7.9868,117.0645,82.6,67.0,100.0,13.31
524,canto do buriti,br,-8.11,-42.9444,73.15,76.0,0.0,3.04
527,buraydah,sa,26.326,43.975,43.52,56.0,0.0,8.43
528,mahbubabad,in,17.6167,80.0167,73.99,78.0,9.0,2.59
529,salalah,om,17.0151,54.0924,62.4,66.0,81.0,3.47
531,arman,ru,59.7,150.1667,-5.39,83.0,0.0,9.15
536,batemans bay,au,-35.7167,150.1833,91.2,16.0,0.0,3.71
537,nanortalik,gl,60.1432,-45.2371,22.08,48.0,0.0,25.99
538,duminichi,ru,53.9345,35.1099,33.78,97.0,100.0,10.38
539,victoria,sc,-4.6167,55.45,79.39,78.0,100.0,14.03
542,mopti,ml,14.6667,-4.0,66.16,10.0,0.0,6.73
543,maningrida,au,-12.0667,134.2667,85.14,78.0,20.0,19.24
545,glendive,us,47.1053,-104.7125,28.56,78.0,0.0,1.57
546,houlton,us,46.1262,-67.8403,8.33,86.0,0.0,10.13
552,itarema,br,-2.9248,-39.9167,75.83,92.0,16.0,3.42
553,cabedelo,br,-6.9811,-34.8339,77.05,79.0,0.0,5.82
556,fort nelson,ca,58.8053,-122.7002,8.67,90.0,100.0,0.27
557,erzin,ru,50.261,95.1623,1.29,96.0,100.0,1.3
558,harper,lr,4.375,-7.7169,78.26,92.0,69.0,2.13
564,jiangyou,cn,31.7667,104.7167,43.72,48.0,0.0,3.38
568,korla,cn,41.7597,86.1469,14.99,59.0,0.0,1.48
570,najran,sa,17.4924,44.1277,51.28,39.0,0.0,1.36
571,isangel,vu,-19.55,169.2667,82.78,69.0,34.0,10.74
579,poum,nc,-20.2333,164.0167,78.78,77.0,0.0,16.37
580,araouane,ml,18.9048,-3.5265,67.35,21.0,0.0,13.51
583,goderich,ca,43.7501,-81.7165,22.86,89.0,100.0,6.46
586,kingori,tz,-3.2833,36.9833,66.94,91.0,100.0,2.35
588,ambilobe,mg,-13.2,49.05,76.84,91.0,100.0,5.06
594,kopervik,no,59.2835,5.3067,37.92,98.0,100.0,2.84
597,nicoya,cr,10.1483,-85.452,75.78,92.0,95.0,1.77
598,sisimiut,gl,66.9395,-53.6735,-6.27,87.0,31.0,5.7
600,kodiak,us,57.79,-152.4072,15.57,98.0,100.0,13.71
611,lebu,cl,-37.6167,-73.65,49.23,85.0,2.0,4.29
612,lahad datu,my,5.0268,118.327,84.96,65.0,99.0,7.29
614,ewa beach,us,21.3156,-158.0072,76.73,60.0,100.0,4.23
615,tinskoy,ru,56.1525,96.9161,1.85,87.0,100.0,14.2
619,igarka,ru,67.4667,86.5833,-8.61,98.0,100.0,6.26
622,ribeira grande,pt,38.5167,-28.7,60.78,91.0,100.0,18.37
623,port-gentil,ga,-0.7193,8.7815,82.71,80.0,71.0,9.75
624,badvel,in,14.75,79.05,75.61,62.0,0.0,1.54
625,oliver,ca,49.1831,-119.5524,38.79,99.0,100.0,3.96
630,paka,my,4.6374,103.4368,79.74,79.0,100.0,11.21
634,tiksi,ru,71.6872,128.8694,-14.58,94.0,100.0,2.82
638,lubango,ao,-14.9172,13.4925,59.43,95.0,100.0,0.87
642,genhe,cn,50.7833,121.5167,5.59,88.0,54.0,3.31
647,pincher creek,ca,49.4833,-113.952,35.08,72.0,100.0,0.31
649,innisfail,au,-17.5333,146.0333,78.24,85.0,97.0,5.01
650,vilhena,br,-12.7406,-60.1458,72.25,88.0,100.0,2.62
655,khasan,ru,42.4308,130.6434,22.62,56.0,0.0,14.43
658,mount isa,au,-20.7333,139.5,89.98,60.0,95.0,20.62
659,lavrentiya,ru,65.5833,-171.0,-13.0,71.0,0.0,11.21
665,aquiraz,br,-3.9014,-38.3911,80.85,92.0,0.0,1.63
671,harrison,us,30.4091,-89.0436,47.5,95.0,16.0,4.88
678,kuruman,za,-27.4524,23.4325,66.76,20.0,0.0,5.84
686,bowen,au,-20.0167,148.2333,88.39,62.0,100.0,13.44
688,sept-iles,ca,50.2001,-66.3821,7.32,72.0,0.0,9.64
689,xingyi,cn,24.1877,102.817,44.94,76.0,98.0,3.04
691,bainbridge,us,47.6262,-122.5212,44.42,97.0,98.0,3.94
693,iqaluit,ca,63.7506,-68.5145,-5.75,94.0,100.0,2.37
695,leh,in,34.1667,77.5833,-12.23,44.0,79.0,3.74
705,salinopolis,br,-0.6136,-47.3561,82.36,79.0,100.0,16.11
706,zhigansk,ru,66.7697,123.3711,-11.02,92.0,100.0,11.1
707,huejuquilla el alto,mx,22.6,-103.8667,53.37,67.0,27.0,5.68
713,yarim,ye,14.298,44.3779,47.48,48.0,2.0,0.87
714,tekeli,kz,44.83,78.8239,16.5,56.0,100.0,2.19
716,longyearbyen,sj,78.2186,15.6401,16.43,91.0,82.0,5.44
719,provideniya,ru,64.3833,-173.3,-6.18,53.0,0.0,8.39
727,sibolga,id,1.7427,98.7792,84.0,64.0,100.0,1.52
728,navirai,br,-23.065,-54.1906,72.77,96.0,57.0,5.82
732,hami,cn,42.8,93.45,9.97,78.0,0.0,2.53
734,lakatoro,vu,-16.0999,167.4164,83.5,77.0,100.0,13.56
737,sarai alamgir,pk,32.9012,73.7559,47.05,72.0,0.0,0.31
746,palmer,us,42.1584,-72.3287,25.21,64.0,0.0,5.7
747,beloha,mg,-25.1667,45.05,69.94,78.0,100.0,8.52
753,ergani,tr,38.2653,39.7621,36.21,97.0,97.0,3.62
755,blenheim,ca,42.3334,-81.9998,28.45,80.0,100.0,2.64
770,oranjemund,na,-28.55,16.4333,60.67,92.0,11.0,6.38
773,izhmorskiy,ru,56.194,86.6414,-12.37,95.0,100.0,11.12
774,tucuman,ar,-26.8241,-65.2226,72.48,82.0,92.0,6.76
777,acapulco,mx,16.8634,-99.8901,72.23,77.0,47.0,3.71
780,sistranda,no,63.7256,8.834,32.68,76.0,84.0,6.96
783,kalmunai,lk,7.4167,81.8167,79.59,70.0,21.0,10.09
786,chuy,uy,-33.6971,-53.4616,68.76,85.0,0.0,7.09
789,taganak,ph,6.0833,118.3,83.97,72.0,99.0,12.41
790,camacha,pt,33.0833,-16.3333,59.43,71.0,1.0,0.94
794,mehamn,no,71.0357,27.8492,14.25,83.0,100.0,23.38
795,kenai,us,60.5544,-151.2583,20.95,92.0,100.0,15.84
798,artesia,us,33.8658,-118.0831,62.85,13.0,26.0,3.36
799,murdochville,ca,48.9583,-65.5006,0.09,95.0,100.0,9.01
801,kathu,th,7.9178,98.3332,79.27,82.0,100.0,8.84
803,muscat,om,23.6139,58.5922,61.2,60.0,0.0,1.86
804,kawhia,nz,-38.0651,174.8183,81.7,65.0,32.0,9.22
824,mhlume,sz,-26.0333,31.85,71.58,92.0,87.0,1.63
825,tsabong,bw,-26.0217,22.401,74.86,23.0,0.0,9.22
826,tairua,nz,-37.0167,175.85,84.27,66.0,0.0,7.29
829,sennoy,ru,52.1509,46.9631,31.71,97.0,100.0,11.99
831,talnakh,ru,69.4865,88.3972,-15.41,99.0,92.0,4.36
832,bintulu,my,3.1667,113.0333,84.24,87.0,6.0,4.88
833,rafaela,ar,-31.2503,-61.4867,65.55,96.0,83.0,6.22
836,jiuquan,cn,39.7432,98.5174,22.66,28.0,0.0,2.44
838,beringovskiy,ru,63.05,179.3167,-3.82,100.0,83.0,9.64
843,el rosario,sv,13.4978,-89.0297,70.86,82.0,0.0,3.6
845,aswan,eg,24.0934,32.907,49.19,57.0,23.0,11.07
847,burns lake,ca,54.2331,-125.7533,25.65,84.0,1.0,8.93
855,olinda,br,-8.0089,-34.8553,80.02,77.0,2.0,5.5
857,viedma,ar,-40.8135,-62.9967,55.42,43.0,1.0,8.63
859,ancud,cl,-41.8697,-73.8203,46.06,79.0,98.0,3.51
860,road town,vg,18.4167,-64.6167,76.98,67.0,60.0,6.6
862,pisco,pe,-13.7,-76.2167,72.73,86.0,100.0,1.16
864,xining,cn,36.6167,101.7667,22.17,24.0,0.0,4.83
868,tarauaca,br,-8.1614,-70.7656,73.8,86.0,93.0,1.86
870,vanimo,pg,-2.6741,141.3028,83.34,75.0,100.0,13.0
872,xuddur,so,4.1213,43.8894,67.75,74.0,92.0,14.32
876,nangomba,tz,-10.9,38.5,71.51,98.0,90.0,2.55
880,naryan-mar,ru,67.6713,53.087,-15.29,98.0,86.0,4.25
882,san agustin acasaguastlan,gt,14.95,-89.9667,64.24,88.0,14.0,3.42
884,ludvika,se,60.1496,15.1878,34.45,98.0,100.0,1.59
891,constantine,dz,36.365,6.6147,41.85,81.0,0.0,2.24
893,pauini,br,-7.7136,-66.9764,71.55,92.0,100.0,0.72
894,la ronge,ca,55.1001,-105.2842,22.64,93.0,100.0,7.9
897,geelong,au,-38.1471,144.3607,99.52,13.0,0.0,10.36
903,manokwari,id,-0.8667,134.0833,81.64,78.0,22.0,6.89
918,ha noi,vn,21.0245,105.8412,63.77,49.0,11.0,8.25
922,makakilo city,us,21.3469,-158.0858,76.71,60.0,100.0,4.23
929,mazabuka,zm,-15.856,27.748,63.59,95.0,90.0,5.53
934,leningradskiy,ru,69.3833,178.4167,-14.84,95.0,99.0,11.52
938,havre-saint-pierre,ca,50.2334,-63.5986,8.44,73.0,85.0,18.99
944,greenville,us,35.6127,-77.3663,40.62,72.0,83.0,5.82
948,brae,gb,60.3964,-1.353,39.56,72.0,93.0,5.01
953,cidreira,br,-30.1811,-50.2056,75.78,86.0,0.0,15.48
957,isla vista,us,34.4133,-119.861,48.88,51.0,21.0,5.75
962,buta,cd,2.7858,24.73,65.5,35.0,100.0,1.79
965,benguela,ao,-12.5763,13.4055,78.93,79.0,97.0,4.68
968,tateyama,jp,34.9833,139.8667,55.4,52.0,0.0,26.28
971,houma,us,29.5958,-90.7195,51.33,89.0,41.0,9.71
973,portoferraio,it,42.8115,10.3146,44.51,71.0,38.0,7.14
974,barabai,id,-2.5833,115.3833,85.86,73.0,100.0,0.98
976,zeya,ru,53.75,127.2667,0.48,87.0,35.0,0.94
983,cabo san lucas,mx,22.8909,-109.9124,63.05,69.0,100.0,8.28
986,gamba,ga,-2.65,10.0,78.75,84.0,100.0,1.88
988,coari,br,-4.085,-63.1414,74.68,93.0,91.0,1.81
989,samana,do,19.2056,-69.3369,67.53,90.0,8.0,1.41
1000,gua musang,my,4.8823,101.9644,80.8,74.0,86.0,2.24
1004,ngunguru,nz,-35.6167,174.5,80.69,80.0,18.0,14.05
1006,bairiki,ki,1.3292,172.9752,89.13,72.0,85.0,7.58
1013,porciuncula,br,-20.9628,-42.0408,73.22,92.0,100.0,1.3
1017,reconquista,ar,-29.15,-59.65,69.73,93.0,100.0,9.46
1022,paita,pe,-5.0892,-81.1144,78.3,63.0,62.0,6.58
1023,tiarei,pf,-17.5333,-149.3333,86.52,70.0,100.0,2.1
1025,pishin,pk,30.5803,66.9961,33.51,46.0,0.0,2.59
1026,dwarka,in,22.2394,68.9678,66.33,55.0,0.0,9.98
1028,honolulu,us,21.3069,-157.8583,78.03,60.0,100.0,4.23
1031,pella,us,41.4081,-92.9163,17.8,94.0,20.0,2.19
1033,victoria point,au,-27.5833,153.3,85.23,70.0,61.0,7.36
1038,hinton,ca,53.4001,-117.5857,21.09,89.0,13.0,4.9
1040,muros,es,42.7762,-9.0603,56.17,96.0,98.0,14.34
1045,okato,nz,-39.2,173.8833,72.18,77.0,0.0,16.33
1047,prabumulih,id,-3.45,104.25,82.11,73.0,100.0,4.25
1051,jian,cn,27.1172,114.9793,49.66,58.0,0.0,3.76
1053,storforshei,no,66.4043,14.5233,6.06,85.0,95.0,7.38
1055,vagay,ru,57.9375,69.0217,-19.43,98.0,36.0,2.24
1057,ca mau,vn,9.1769,105.15,85.87,55.0,71.0,12.59
1058,diest,be,50.9833,5.05,40.75,90.0,73.0,13.2
1061,pacific grove,us,36.6177,-121.9166,57.06,80.0,22.0,10.76
1065,jurm,af,36.8648,70.8342,14.11,50.0,2.0,8.93
1066,bukama,cd,-9.2,25.85,68.86,99.0,100.0,1.41
1068,hamilton,bm,32.2915,-64.778,60.26,66.0,68.0,19.86
1072,vila franca do campo,pt,37.7167,-25.4333,62.82,88.0,83.0,16.51
1073,ahipara,nz,-35.1667,173.1667,83.3,79.0,0.0,10.54
1074,nizhniy kuranakh,ru,58.8353,125.4869,7.9,80.0,0.0,3.38
1076,concarneau,fr,47.875,-3.9225,54.05,97.0,100.0,14.52
1079,san andres,co,12.5847,-81.7006,80.55,70.0,44.0,10.07
1080,harqalah,tn,36.0303,10.509,53.92,67.0,0.0,8.41
1081,pochutla,mx,15.7432,-96.4661,80.17,72.0,2.0,1.63
1089,yarmouth,ca,43.8335,-66.1156,16.86,73.0,50.0,13.94
1091,daru,pg,-9.0763,143.2092,92.39,61.0,100.0,1.21
1097,alice springs,au,-23.7,133.8833,88.9,55.0,70.0,21.3
1100,jalu,ly,29.0331,21.5482,54.57,49.0,0.0,7.29
1101,mutis,co,6.2262,-77.4044,81.32,75.0,96.0,1.36
1107,margate,za,-30.8636,30.3705,76.42,74.0,99.0,12.59
1109,buala,sb,-8.145,159.5921,84.81,71.0,100.0,0.49
1110,alta floresta,br,-9.8756,-56.0861,71.82,96.0,94.0,2.53
1112,vestmanna,fo,62.1564,-7.1664,34.5,81.0,100.0,11.68
1114,spirit river,ca,55.7833,-118.8361,31.8,68.0,37.0,18.19
1120,weligama,lk,5.9667,80.4167,77.34,75.0,52.0,3.2
1123,male,mv,4.1748,73.5089,82.24,75.0,14.0,12.8
1124,praya,id,-8.7054,116.2704,86.74,78.0,48.0,3.8
1131,pteleos,gr,39.05,22.95,51.67,71.0,67.0,3.98
1135,kaeo,nz,-35.1,173.7833,82.83,78.0,1.0,18.32
1137,vila velha,br,-20.3297,-40.2925,76.19,93.0,96.0,5.64
1138,laje,br,-10.1833,-40.9667,67.75,89.0,28.0,8.75
1146,grindavik,is,63.8424,-22.4338,28.94,72.0,0.0,11.41
1147,nantucket,us,41.2835,-70.0995,30.96,56.0,0.0,21.74
1150,kitgum,ug,3.2783,32.8867,67.01,74.0,100.0,2.62
1151,san luis,ar,-33.295,-66.3356,71.67,34.0,0.0,12.8
1152,kraslava,lv,55.8951,27.168,32.54,98.0,100.0,1.7
1161,port hedland,au,-20.3167,118.5667,109.6,11.0,0.0,12.08
1165,puerto gaitan,co,4.3133,-72.0816,84.13,46.0,90.0,5.91
1168,mbale,ug,1.0821,34.175,65.25,86.0,100.0,13.13
1172,praia,cv,14.9215,-23.5087,71.38,70.0,0.0,10.89
1175,conceicao do araguaia,br,-8.2578,-49.2647,72.12,91.0,81.0,1.45
1183,petropavlovsk-kamchatskiy,ru,53.0452,158.6483,27.25,76.0,0.0,8.1
1184,trinidad,cu,21.8019,-79.9842,73.36,94.0,9.0,2.82
1187,lorengau,pg,-2.0226,147.2712,84.15,75.0,100.0,6.69
1189,the valley,ai,18.217,-63.0578,76.89,72.0,0.0,4.0
1191,russell,nz,-35.2613,174.1236,84.72,33.0,29.0,5.82
1193,yulara,au,-25.2406,130.9889,90.3,75.0,100.0,12.73
1195,yumen,cn,40.2833,97.2,28.27,28.0,0.0,0.96
1196,mbaiki,cf,3.8678,17.9892,67.73,30.0,100.0,2.06
1198,koltubanovskiy,ru,52.9407,52.0269,18.57,94.0,100.0,9.64
1202,little current,ca,45.9793,-81.9248,7.47,88.0,100.0,4.03
1204,mombetsu,jp,44.3525,143.3525,30.54,96.0,100.0,31.38
1211,puerto narino,co,-3.7703,-70.3831,76.95,82.0,36.0,0.2
1212,khuzhir,ru,53.1939,107.3397,18.18,73.0,100.0,8.55
1216,kahului,us,20.8947,-156.47,76.66,75.0,100.0,11.83
1218,santa marinella,it,42.0345,11.8536,43.02,80.0,0.0,3.2
1226,tyrma,ru,50.0833,132.1667,6.58,85.0,6.0,0.65
1227,labuan,my,5.2767,115.2417,81.68,79.0,83.0,20.56
1234,miastko,pl,54.0028,16.9826,35.15,89.0,100.0,12.86
1237,khor,ru,47.8861,134.9464,12.2,79.0,0.0,11.05
1238,bulgan,mn,48.8125,103.5347,9.09,78.0,2.0,6.71
1246,dicabisagan,ph,17.0818,122.4157,77.49,63.0,19.0,6.04
1249,olutanga,ph,7.3106,122.8464,84.97,64.0,95.0,2.28
1251,menongue,ao,-14.6585,17.691,61.57,98.0,100.0,3.83
1263,qaqortoq,gl,60.7167,-46.0333,13.12,40.0,0.0,22.86
1265,loanda,br,-22.9231,-53.1372,73.24,89.0,68.0,8.25
1266,souillac,mu,-20.5167,57.5167,75.4,75.0,0.0,2.53
1267,samandag,tr,36.0842,35.9771,47.08,88.0,61.0,5.79
1268,srandakan,id,-7.9386,110.2506,75.6,94.0,100.0,9.22
1270,roald,no,62.5833,6.1333,35.49,69.0,72.0,7.52
1275,tsybuliv,ua,49.0766,29.8461,33.48,89.0,100.0,19.51
1277,coroata,br,-4.13,-44.1242,74.01,98.0,90.0,2.89
1278,barranca,pe,-10.75,-77.7667,71.94,91.0,100.0,11.52
1280,nerchinskiy zavod,ru,51.3088,119.61,-4.2,94.0,100.0,5.1
1281,zhaodong,cn,46.0833,125.9833,5.97,84.0,0.0,5.68
1284,sawtell,au,-30.3833,153.1,84.69,73.0,44.0,8.34
1287,vallenar,cl,-28.5708,-70.7581,58.8,93.0,3.0,1.34
1288,am timan,td,11.0297,20.2827,61.54,14.0,62.0,6.17
1299,timizart,dz,36.8,4.2667,60.39,68.0,0.0,5.14
1303,semnan,ir,35.5729,53.3971,34.95,60.0,96.0,2.46
1306,jinchang,cn,38.4953,102.1739,27.0,17.0,0.0,2.46
1308,moroni,km,-11.7022,43.2551,82.69,76.0,66.0,10.0
1315,bardiyah,ly,31.7561,25.0865,56.91,70.0,46.0,16.31
1316,williams lake,ca,52.1415,-122.1445,32.63,88.0,12.0,2.46
1320,oranjestad,aw,12.524,-70.027,80.08,79.0,0.0,16.4
1325,rorvik,no,64.8621,11.2373,34.18,72.0,100.0,24.96
1328,aklavik,ca,68.2191,-135.0107,-19.84,97.0,100.0,15.88
1329,astoria,us,46.1879,-123.8313,48.0,89.0,100.0,6.53
1335,emerald,au,-23.5333,148.1667,93.4,42.0,100.0,15.77
1345,college,us,64.8569,-147.8028,-16.8,90.0,100.0,4.47
1348,takoradi,gh,4.8845,-1.7554,77.18,94.0,15.0,3.0
1349,upata,ve,8.0086,-62.3989,72.57,88.0,15.0,4.83
1354,pierre,us,44.3683,-100.351,27.23,89.0,99.0,3.44
1360,tsiroanomandidy,mg,-18.7667,46.0333,69.26,97.0,86.0,1.28
1362,minsk,by,53.9,27.5667,30.61,90.0,100.0,6.53
1364,onguday,ru,50.75,86.15,-13.07,69.0,0.0,2.59
1367,progreso,mx,21.2833,-89.6667,74.1,73.0,44.0,18.43
1371,mitsamiouli,km,-11.3847,43.2844,82.69,76.0,66.0,10.0
1376,megion,ru,61.0296,76.1136,-21.75,97.0,19.0,8.79
1389,marondera,zw,-18.1853,31.5519,60.87,91.0,92.0,3.0
1396,turukhansk,ru,65.8167,87.9833,-12.55,96.0,100.0,9.01
1398,sanghar,pk,26.0466,68.9481,53.31,34.0,0.0,6.02
1400,erenhot,cn,43.6475,111.9767,18.32,76.0,0.0,12.1
1401,luganville,vu,-15.5333,167.1667,84.79,74.0,100.0,6.93
1402,den helder,nl,52.9599,4.7593,45.34,85.0,100.0,27.31
1404,richmond,us,37.5538,-77.4603,32.41,61.0,100.0,2.95
1405,dongsheng,cn,39.8161,109.9776,25.59,57.0,0.0,9.06
1409,nevsehir,tr,38.9167,34.6667,38.71,72.0,100.0,5.48
1413,nynashamn,se,58.9034,17.9479,34.0,97.0,96.0,4.9
1416,cheyenne,us,41.14,-104.8203,25.02,77.0,86.0,4.7
1418,ketchikan,us,55.3422,-131.6461,34.92,98.0,100.0,4.92
1420,tetiz,mx,20.9667,-89.9333,72.57,75.0,13.0,6.96
1421,ilhabela,br,-23.7781,-45.3581,79.41,85.0,92.0,6.67
1422,fredericton,ca,45.9454,-66.6656,8.82,84.0,1.0,6.71
1426,nurota,uz,40.5614,65.6886,30.51,56.0,0.0,1.81
1427,chipinge,zw,-20.1883,32.6236,63.95,74.0,0.0,4.34
1430,chilca,pe,-12.5211,-76.7372,74.21,85.0,100.0,3.56
1431,choma,zm,-16.8065,26.9531,62.28,92.0,63.0,3.42
1440,gizo,sb,-8.103,156.8419,83.73,72.0,100.0,8.77
1441,mlalo,tz,-4.9333,38.9333,74.23,87.0,41.0,6.04
1448,malinyi,tz,-8.9333,36.1333,71.38,98.0,34.0,2.37
1450,gorno-altaysk,ru,51.9561,85.955,-4.14,96.0,96.0,1.7
1451,berlevag,no,70.8578,29.0864,23.22,64.0,100.0,27.85
1455,pemangkat,id,1.1667,108.9667,81.75,81.0,94.0,9.95
1457,vostok,ru,46.4856,135.8833,12.47,90.0,75.0,4.54
1460,banyo,cm,6.75,11.8167,60.66,26.0,78.0,2.28
1461,filingue,ne,14.3521,3.3168,70.32,9.0,0.0,10.65
1463,camacari,br,-12.6975,-38.3242,79.32,94.0,38.0,1.7
1465,jaen,pe,-5.7081,-78.8047,60.71,91.0,100.0,3.94
1475,humberto de campos,br,-2.5983,-43.4611,78.04,88.0,100.0,4.14
1476,ampanihy,mg,-24.7,44.75,70.66,82.0,89.0,10.2
1481,agdam,az,39.991,46.9274,41.97,44.0,0.0,7.02
1485,grand-santi,gf,4.25,-54.3833,73.08,98.0,49.0,4.07
1487,teya,ru,60.3778,92.6267,-10.66,92.0,100.0,8.21
1489,gubkinskiy,ru,64.434,76.5026,-7.1,95.0,100.0,13.73
1490,muisne,ec,0.6,-80.0333,76.48,85.0,51.0,1.25
1493,ulety,ru,51.3572,112.4849,4.41,87.0,25.0,2.39
1495,abu dhabi,ae,24.4667,54.3667,59.23,55.0,44.0,2.59
1506,el alto,pe,-4.2714,-81.2147,73.76,66.0,49.0,4.18
1509,maragogi,br,-9.0122,-35.2225,81.01,74.0,0.0,10.2
1513,sao joao da barra,br,-21.6403,-41.0511,78.04,90.0,100.0,11.12
1514,gobabis,na,-22.45,18.9667,70.12,54.0,0.0,9.4
1516,forest acres,us,34.0193,-80.9898,45.28,79.0,100.0,4.25
1520,sibu,my,2.3,111.8167,83.82,85.0,98.0,5.03
1521,tysmenytsya,ua,48.9022,24.8448,35.15,78.0,93.0,12.28
1527,vung tau,vn,10.346,107.0843,83.1,61.0,83.0,3.69
1532,casablanca,ma,33.5928,-7.6192,51.62,45.0,99.0,4.43
1534,inongo,cd,-1.95,18.2667,73.85,64.0,99.0,3.15
1543,chardara,kz,41.2547,67.9692,33.94,74.0,0.0,3.8
1549,waingapu,id,-9.6567,120.2641,84.43,78.0,0.0,13.69
1552,muzhi,ru,65.3667,64.6667,-18.94,93.0,0.0,1.16
1555,la plata,ar,-34.9215,-57.9545,62.69,69.0,100.0,9.1
1560,dunedin,nz,-45.8742,170.5036,68.4,64.0,78.0,7.45
1563,kayes,ml,14.0,-11.0,82.42,9.0,53.0,10.96
1570,sao francisco,br,-15.9486,-44.8644,71.17,95.0,38.0,1.66
1571,numan,ng,9.4667,12.0333,67.6,13.0,0.0,4.12
1574,katobu,id,-4.9408,122.5276,89.08,65.0,95.0,2.71
1596,nhulunbuy,au,-12.2333,136.7667,88.88,79.0,98.0,19.91
1597,florence,us,34.0502,-79.6665,47.12,68.0,100.0,4.45
1603,mogadishu,so,2.0371,45.3438,78.44,82.0,97.0,22.3
1606,san francisco,ar,-31.428,-62.0827,64.89,92.0,87.0,5.55
1608,namatanai,pg,-3.6667,152.4333,86.27,72.0,71.0,17.87
1613,bhandara,in,21.1667,79.65,63.61,45.0,0.0,11.27
1614,victor harbor,au,-35.5667,138.6167,106.84,9.0,0.0,8.55
1616,diosjeno,hu,47.9397,19.0432,34.65,93.0,85.0,9.78
1622,bafq,ir,31.6128,55.4107,43.39,48.0,66.0,7.36
1623,cottonwood,us,34.7392,-112.0099,37.83,46.0,21.0,15.55
1626,westport,ie,53.8,-9.5167,44.92,93.0,100.0,7.63
1634,kodinsk,ru,58.6881,99.1844,1.99,87.0,98.0,12.3
1635,chubbuck,us,42.9208,-112.4661,31.64,85.0,100.0,6.85
1642,antalaha,mg,-14.9003,50.2788,80.35,72.0,100.0,7.63
1649,tyssedal,no,60.1165,6.562,29.88,95.0,100.0,3.29
1650,porosozero,ru,62.7191,32.727,18.43,92.0,100.0,9.31
1651,mweka,cd,-4.85,21.5667,69.71,97.0,100.0,2.06
1662,lac du bonnet,ca,50.2536,-96.0612,7.11,96.0,99.0,3.96
1666,fuzhou,cn,26.0614,119.3061,58.71,42.0,0.0,5.26
1668,winnemucca,us,40.973,-117.7357,39.6,66.0,100.0,3.27
1673,chissamba,ao,-12.1667,17.3333,62.1,96.0,100.0,0.34
1674,teguldet,ru,57.3064,88.1667,-5.73,93.0,100.0,9.48
1680,kismayo,so,-0.3582,42.5454,80.49,79.0,84.0,16.73
1682,kasungu,mw,-13.0333,33.4833,64.0,96.0,100.0,1.86
1685,qasigiannguit,gl,68.8193,-51.1922,0.9,89.0,18.0,1.61
1687,meulaboh,id,4.1363,96.1285,79.29,78.0,38.0,5.86
1688,tokur,ru,53.1333,132.9,4.12,74.0,0.0,1.86
1691,ilam,np,26.9167,87.9167,45.88,77.0,93.0,3.56
1698,vieux-habitants,gp,16.0589,-61.7659,75.67,73.0,0.0,4.65
1705,boa vista,br,2.8197,-60.6733,80.73,52.0,85.0,12.19
1710,price,us,39.5994,-110.8107,25.29,75.0,0.0,7.94
1721,bay city,us,43.5945,-83.8889,28.71,91.0,100.0,6.49
1722,kumeny,ru,58.1089,49.9161,15.73,95.0,100.0,8.79
1728,belmonte,br,-15.8631,-38.8828,77.13,91.0,0.0,2.04
1730,ferrol,es,43.4832,-8.2369,57.11,82.0,52.0,13.69
1736,nyrad,dk,55.0051,11.9606,39.06,93.0,100.0,21.47
1746,biskamzha,ru,53.4497,89.5272,-10.88,99.0,97.0,3.98
1748,rocha,uy,-34.4833,-54.3333,65.88,91.0,100.0,11.12
1750,pamanukan,id,-6.2842,107.8106,86.13,65.0,100.0,4.59
1751,sampit,id,-2.5333,112.95,85.33,67.0,97.0,6.6
1753,atbasar,kz,51.8,68.3333,-8.64,89.0,66.0,5.23
1758,mountain home,us,43.133,-115.6912,40.08,68.0,100.0,5.46
1768,huaicheng,cn,23.9051,112.1931,57.72,35.0,0.0,1.01
1770,taoudenni,ml,22.6783,-3.9836,59.34,25.0,0.0,9.95
1775,plettenberg bay,za,-34.0527,23.3716,62.98,84.0,32.0,4.72
1779,awbari,ly,26.5921,12.7805,58.55,26.0,0.0,7.31
1781,henties bay,na,-22.116,14.2845,61.21,88.0,4.0,5.53
1784,avinurme,ee,58.9822,26.8642,31.86,97.0,100.0,9.93
1786,deputatskiy,ru,69.3,139.9,-12.91,93.0,99.0,4.21
1787,cap malheureux,mu,-19.9842,57.6142,74.97,70.0,0.0,7.18
1791,inhambane,mz,-23.865,35.3833,76.75,67.0,0.0,8.23
1796,biloela,au,-24.4167,150.5,91.94,31.0,100.0,8.7
1801,winkler,ca,49.1817,-97.941,12.94,97.0,85.0,3.38
1818,grants pass,us,42.439,-123.3284,41.2,93.0,100.0,1.01
1822,jieshi,cn,22.8134,115.8257,57.02,34.0,0.0,9.19
1827,shingu,jp,33.7333,135.9833,53.38,50.0,0.0,3.27
1830,labuhan,id,-6.8844,112.2051,85.08,73.0,100.0,14.29
1834,aksu,kz,52.0333,76.9167,-18.24,92.0,0.0,6.11
1839,lakes entrance,au,-37.8811,147.981,97.03,52.0,0.0,8.97
1845,garowe,so,8.4054,48.4845,61.93,80.0,100.0,6.71
1848,boquira,br,-12.8231,-42.7306,70.93,90.0,71.0,1.83
1855,funadhoo,mv,6.15,73.2667,81.09,74.0,91.0,13.22
1862,ereymentau,kz,51.6199,73.1033,-3.1,83.0,79.0,2.64
1866,madimba,tz,-10.4,40.3333,78.49,85.0,99.0,4.56
1871,voyvozh,ru,62.892,54.9635,-5.67,97.0,100.0,5.75
1872,durant,us,33.994,-96.3708,41.31,77.0,99.0,10.51
1875,ritchie,za,-29.038,24.6028,67.93,19.0,0.0,5.32
1878,aleksandrov gay,ru,50.147,48.5704,29.37,94.0,100.0,10.74
1884,rapid valley,us,44.0625,-103.1463,35.49,69.0,35.0,6.6
1893,nelson bay,au,-32.7167,152.15,89.65,52.0,62.0,6.15
1894,baruun-urt,mn,46.6806,113.2792,6.73,85.0,0.0,9.08
1895,raudeberg,no,61.9875,5.1352,37.87,74.0,0.0,18.95
1898,bodden town,ky,19.2833,-81.25,77.77,65.0,9.0,6.93
1899,kerman,ir,30.2832,57.0788,33.82,39.0,92.0,5.5
1900,vila do maio,cv,15.1333,-23.2167,70.99,82.0,0.0,13.42
1902,brunico,it,46.7958,11.9364,25.48,92.0,97.0,3.78
1907,tabuk,sa,28.3833,36.5833,38.79,72.0,0.0,1.74
1908,ambon,id,-3.6954,128.1814,91.65,73.0,96.0,11.07
1914,challapata,bo,-18.9,-66.7667,54.52,43.0,65.0,13.04
1916,atar,mr,20.5169,-13.0499,69.35,19.0,100.0,13.47
1924,saint-louis,re,-21.2667,55.4167,71.02,73.0,0.0,13.38
1930,lufilufi,ws,-13.8745,-171.5986,88.68,72.0,7.0,4.7
1932,kieta,pg,-6.2167,155.6333,87.55,65.0,99.0,7.72
1946,rafai,cf,4.95,23.9167,62.65,29.0,100.0,3.67
1947,gaoual,gn,11.75,-13.2,68.05,18.0,100.0,2.42
1949,svetlaya,ru,46.5389,138.3297,18.63,90.0,100.0,31.36
1953,loma bonita,mx,18.1,-95.8833,70.57,84.0,21.0,5.06
1959,umba,ru,66.6871,34.3429,15.58,92.0,100.0,18.5
1971,rio gallegos,ar,-51.6226,-69.2181,57.31,61.0,99.0,16.98
1984,labrea,br,-7.2586,-64.7981,75.88,94.0,97.0,0.96
